Group,MemberID,MemberName,Friends,Subjects,Reports,Times
1,2,Robert Williams,"Richard Davis, Daniel Anderson","컴퓨터구조, 실전프로젝트1, Computer Vision",18,3656
49,65,Edward Martinez,,"Computer Architecture and Organization, Discrete Mathematics",15,3230
12,24,Paul Thomas,,컴퓨터구조,12,1895
27,97,Donald White,"Charles Wilson, William Jones, Kenneth Martin","Discrete Mathematics, 컴퓨터구조, Computer Vision",12,1783
26,149,Paul Thomas,Edward Martinez,"Discrete Mathematics, 컴퓨터구조, 실전프로젝트1",12,1354
34,167,John Johnson,,,11,2552
13,26,Daniel Anderson,,"Discrete Mathematics, Computer Vision, 컴퓨터구조",11,1169
7,64,David Miller,Christopher Taylor,"컴퓨터구조, Discrete Mathematics, Computer Vision",11,1120
45,126,Kenneth Martin,,"데이타구조, 실전프로젝트1",11,990
5,148,John Johnson,Donald White,컴퓨터구조,11,773
36,159,George Harris,"Robert Williams, Christopher Taylor",컴퓨터네트워크,11,675
6,14,Joseph Garcia,"Mark Jackson, Steven Thompson","실전프로젝트1, Discrete Mathematics, 컴퓨터구조",10,2300
29,112,James Smith,"Edward Martinez, George Harris",Computer Vision,10,1183
25,74,Robert Williams,"Edward Martinez, George Harris, Brian Robinson",Discrete Mathematics,10,1089
2,138,Richard Davis,,"컴퓨터구조, Discrete Mathematics",10,749
28,119,Christopher Taylor,"Michael Brown, Brian Robinson",실전프로젝트1,10,725
15,31,Steven Thompson,,"컴퓨터구조, Discrete Mathematics",9,620
32,125,Richard Davis,"Michael Brown, Daniel Anderson",컴퓨터네트워크,9,570
22,123,Thomas Moore,"Brian Robinson, David Miller, Michael Brown",컴퓨터네트워크,7,600
18,116,Michael Brown,"James Smith, John Johnson, Paul Thomas",Machine Learning,7,420
38,174,Mark Jackson,"Charles Wilson, George Harris, Daniel Anderson, James Smith",컴퓨터네트워크,7,418
19,127,Steven Thompson,,컴퓨터네트워크,6,780
8,49,David Miller,,"실전프로젝트1, 컴퓨터구조, 공학설계입문",3,185
9,95,Kenneth Martin,"George Harris, Paul Thomas","컴퓨터네트워크, 웹 서비스 개발",3,180
14,32,James Smith,"Charles Wilson, Richard Davis, Edward Martinez",실전프로젝트1,2,240
50,195,Christopher Taylor,"Daniel Anderson, Charles Wilson",디지털시스템설계,2,120
35,154,Brian Robinson,"Robert Williams, Daniel Anderson",IoT 시스템 설계,1,120
46,45,Robert Williams,,"Programming Language Theory, 컴퓨터네트워크, IoT 시스템 설계",0,0
20,107,Thomas Moore,"Robert Williams, Donald White","Discrete Mathematics, 컴퓨터구조, Computer Vision",0,0
21,162,Christopher Taylor,"David Miller, Brian Robinson, Charles Wilson",Machine Learning,0,0
47,194,Kenneth Martin,,전자회로2,0,0
24,61,Charles Wilson,"Donald White, George Harris, George Harris",Discrete Mathematics,0,0
48,42,Charles Wilson,,"전자기학, 신호 및 시스템, 디지털시스템설계",0,0
