Group,MemberID,MemberName,Friends,Subjects,Reports,Times
1,89,Daniel Anderson,"Robert Williams, Richard Davis","Java Programming, 실전프로젝트1, Computer Vision",18,3656
49,67,Steven Thompson,"Brian Robinson, Charles Wilson, Brian Robinson",Computer Architecture and Organization,15,3230
12,56,David Miller,,"컴퓨터구조, 전자기학, 신호 및 시스템",12,1895
27,98,Kenneth Martin,"Donald White, William Jones, Charles Wilson","Discrete Mathematics, 컴퓨터구조",12,1783
34,139,James Smith,"Steven Thompson, Edward Martinez, Joseph Garcia","실전프로젝트1, Computer Architecture and Organization, Computer Vision",11,2552
34,168,Joseph Garcia,"Edward Martinez, James Smith",Computer Vision,11,2552
13,28,John Johnson,,"Discrete Mathematics, 컴퓨터구조",11,1169
7,178,James Smith,James Smith,컴퓨터구조,11,1120
5,9,Donald White,John Johnson,컴퓨터구조,11,773
33,128,Joseph Garcia,"Brian Robinson, David Miller",컴퓨터구조,11,694
36,163,Christopher Taylor,William Jones,"컴퓨터네트워크, 웹 서비스 개발",11,675
6,71,Steven Thompson,"Joseph Garcia, Mark Jackson","실전프로젝트1, Discrete Mathematics",10,2300
29,133,George Harris,"James Smith, Edward Martinez",Computer Vision,10,1183
25,77,Edward Martinez,"George Harris, Brian Robinson, Robert Williams",Discrete Mathematics,10,1089
2,140,Brian Robinson,,"컴퓨터구조, Discrete Mathematics",10,749
4,10,Daniel Anderson,,"Computer Architecture and Organization, Discrete Mathematics, 신호 및 시스템",10,605
15,63,Brian Robinson,,"확률변수론, 지능로봇제어, 컴퓨터구조",9,620
32,135,Michael Brown,"Richard Davis, Daniel Anderson",컴퓨터네트워크,9,570
22,137,Brian Robinson,"Michael Brown, David Miller, Thomas Moore",컴퓨터네트워크,7,600
18,117,John Johnson,"James Smith, Paul Thomas, Michael Brown","Machine Learning, 컴퓨터네트워크",7,420
38,175,George Harris,"Charles Wilson, James Smith, Mark Jackson, Daniel Anderson",컴퓨터네트워크,7,418
31,121,Donald White,"Daniel Anderson, Brian Robinson",컴퓨터보안,6,659
8,54,Charles Wilson,Daniel Anderson,실전프로젝트1,3,185
9,101,Michael Brown,,컴퓨터네트워크,3,180
14,33,Richard Davis,"Charles Wilson, James Smith, Edward Martinez",실전프로젝트1,2,240
39,176,Brian Robinson,Thomas Moore,컴퓨터구조,1,185
35,155,Daniel Anderson,"Robert Williams, Brian Robinson",IoT 시스템 설계,1,120
11,22,Christopher Taylor,"Steven Thompson, Edward Martinez","전자기학, 신호 및 시스템, 컴퓨터구조",0,0
20,114,Robert Williams,"Thomas Moore, Donald White",Discrete Mathematics,0,0
21,170,James Smith,"Charles Wilson, David Miller",Machine Learning,0,0
47,197,Robert Williams,,"전자회로2, 회로설계 및 제작, 확률변수론",0,0
16,36,William Jones,,컴퓨터네트워크,0,0
48,106,Paul Thomas,,"전자기학, 신호 및 시스템, 컴퓨터구조",0,0
