Group,MemberID,MemberName,Friends,Subjects,Reports,Times
1,90,George Harris,,,18,3656
49,69,Charles Wilson,"Brian Robinson, Brian Robinson, Steven Thompson",Computer Architecture and Organization,15,3230
12,179,Joseph Garcia,,"컴퓨터구조, Discrete Mathematics, 데이타구조",12,1895
27,99,Charles Wilson,"William Jones, Donald White, Kenneth Martin","Computer Architecture and Organization, Discrete Mathematics, Computer Vision",12,1783
34,144,James Smith,Steven Thompson,"Computer Vision, Programming Language Theory, Discrete Mathematics",11,2552
17,41,Joseph Garcia,"John Johnson, Mark Jackson","컴퓨터네트워크, C 프로그래밍(전산전자)",11,2060
13,184,Kenneth Martin,,Discrete Mathematics,11,1169
45,15,Donald White,,"자바프로그래밍언어, Discrete Mathematics, 데이타구조",11,990
5,11,Kenneth Martin,"Daniel Anderson, Michael Brown",컴퓨터구조,11,773
33,129,David Miller,"Joseph Garcia, Brian Robinson",컴퓨터구조,11,694
36,166,Robert Williams,"George Harris, Christopher Taylor",컴퓨터네트워크,11,675
30,118,Brian Robinson,"Steven Thompson, Charles Wilson",신호 및 시스템,10,1915
29,134,Edward Martinez,"George Harris, James Smith",Computer Vision,10,1183
25,78,George Harris,"Brian Robinson, Edward Martinez, Robert Williams",Discrete Mathematics,10,1089
2,164,Kenneth Martin,,"컴퓨터구조, Discrete Mathematics",10,749
4,57,Daniel Anderson,,"Computer Architecture and Organization, Discrete Mathematics, 자바프로그래밍언어",10,605
15,110,Michael Brown,,"컴퓨터구조, Discrete Mathematics",9,620
32,136,Daniel Anderson,"Richard Davis, Michael Brown",컴퓨터네트워크,9,570
18,34,James Smith,,Machine Learning,7,420
38,171,Daniel Anderson,"Charles Wilson, Mark Jackson, George Harris, James Smith",컴퓨터네트워크,7,418
19,47,Donald White,"Kenneth Martin, David Miller",컴퓨터네트워크,6,780
31,152,Daniel Anderson,"Brian Robinson, Donald White",컴퓨터보안,6,659
8,55,Daniel Anderson,Charles Wilson,실전프로젝트1,3,185
9,146,George Harris,"Kenneth Martin, Paul Thomas",컴퓨터네트워크,3,180
14,52,Edward Martinez,"Charles Wilson, James Smith, Richard Davis",실전프로젝트1,2,240
39,180,Thomas Moore,"Brian Robinson, David Miller",컴퓨터구조,1,185
51,1,Edward Martinez,,,1,2
11,27,Steven Thompson,"Christopher Taylor, Edward Martinez","전자기학, 신호 및 시스템, 컴퓨터구조",0,0
21,50,Charles Wilson,"James Smith, David Miller, Christopher Taylor, Brian Robinson",Machine Learning,0,0
47,46,James Smith,,"신호 및 시스템, 전자회로2, 디지털시스템설계",0,0
24,58,Donald White,"George Harris, George Harris, Charles Wilson",Discrete Mathematics,0,0
16,39,Daniel Anderson,,"컴퓨터네트워크, Programming Language Theory",0,0
