Group,MemberID,MemberName,Friends,Subjects,Reports,Times
1,91,Richard Davis,"Robert Williams, Daniel Anderson","컴퓨터구조, 실전프로젝트1",18,3656
49,70,Brian Robinson,"Charles Wilson, Steven Thompson, Brian Robinson",Computer Architecture and Organization,15,3230
12,190,Christopher Taylor,,컴퓨터구조,12,1895
26,88,Edward Martinez,Paul Thomas,"Discrete Mathematics, Computer Architecture and Organization, 실전프로젝트1",12,1354
34,156,Edward Martinez,"Joseph Garcia, James Smith, Steven Thompson","Computer Architecture and Organization, 실전프로젝트1, Computer Vision",11,2552
17,81,Mark Jackson,"Joseph Garcia, John Johnson","데이타구조, 컴퓨터네트워크, C 프로그래밍(전산전자)",11,2060
7,17,James Smith,James Smith,컴퓨터구조,11,1120
45,16,William Jones,,"자바프로그래밍언어, 데이타구조",11,990
5,37,Daniel Anderson,Kenneth Martin,컴퓨터구조,11,773
33,131,Brian Robinson,"Joseph Garcia, David Miller",컴퓨터구조,11,694
36,177,William Jones,Christopher Taylor,컴퓨터네트워크,11,675
30,120,Charles Wilson,"Steven Thompson, Brian Robinson",신호 및 시스템,10,1915
29,141,John Johnson,,"Computer Vision, Computer Architecture and Organization, 실전프로젝트1",10,1183
2,7,Daniel Anderson,,컴퓨터구조,10,749
28,93,Brian Robinson,"Michael Brown, Christopher Taylor","실전프로젝트1, Discrete Mathematics",10,725
4,111,Donald White,,Computer Architecture and Organization,10,605
15,158,Brian Robinson,,컴퓨터구조,9,620
22,51,David Miller,"Brian Robinson, Thomas Moore, Michael Brown",컴퓨터네트워크,7,600
18,44,Paul Thomas,"James Smith, John Johnson, Michael Brown","Machine Learning, 컴퓨터네트워크, IoT 시스템 설계",7,420
38,172,Charles Wilson,"James Smith, Daniel Anderson, Mark Jackson, George Harris",컴퓨터네트워크,7,418
19,66,Kenneth Martin,"Donald White, David Miller",컴퓨터네트워크,6,780
31,153,Brian Robinson,"Daniel Anderson, Donald White","컴퓨터보안, Programming Language Theory",6,659
8,132,Mark Jackson,,실전프로젝트1,3,185
9,147,Charles Wilson,,"컴퓨터네트워크, Discrete Mathematics",3,180
50,40,Daniel Anderson,"Charles Wilson, Christopher Taylor",디지털시스템설계,2,120
39,181,David Miller,Thomas Moore,컴퓨터구조,1,185
51,5,Charles Wilson,,,1,2
11,38,Edward Martinez,"Christopher Taylor, Steven Thompson","전자기학, 신호 및 시스템",0,0
21,160,David Miller,"James Smith, Brian Robinson, Charles Wilson, Christopher Taylor","컴퓨터네트워크, Machine Learning",0,0
47,109,Brian Robinson,,"전자회로2, 디지털시스템설계, 전자기학",0,0
24,59,George Harris,"Donald White, George Harris, Charles Wilson",Discrete Mathematics,0,0
16,169,Daniel Anderson,,"컴퓨터네트워크, Machine Learning, 확률변수론",0,0
